char,txt_file,image_group_id,work_id,reference
༄,v001.txt,I1317,W23703,"{""13170004.tif"": [[0, 1]]}"
འི,v001.txt,I1317,W23703,"{""13170004.tif"": [[64, 1], [179, 2], [473, 4], [565, 4], [727, 5]]}"
འི,v001.txt,I1317,W23703,"{""13170005.tif"": [[55, 1], [279, 2], [755, 5]]}"
ཚོ,v001.txt,I1317,W23703,"{""13170005.tif"": [[283, 2]]}"
འི,v001.txt,I1317,W23703,"{""13170006.tif"": [[776, 4], [805, 4]]}"
ཚི,v001.txt,I1317,W23703,"{""13170006.tif"": [[808, 4], [1266, 6]]}"
ཙོ,v001.txt,I1317,W23703,"{""13170006.tif"": [[1430, 7]]}"
བྷ,v001.txt,I1317,W23703,"{""13170006.tif"": [[1368, 6]]}"
ཚི,v001.txt,I1317,W23703,"{""13170007.tif"": [[116, 1]]}"
ཚོ,v001.txt,I1317,W23703,"{""13170007.tif"": [[810, 4]]}"
ཙོ,v001.txt,I1317,W23703,"{""13170007.tif"": [[183, 1], [320, 2]]}"
ཙོ,v001.txt,I1317,W23703,"{""13170008.tif"": [[120, 1], [1004, 5]]}"
ཚི,v001.txt,I1317,W23703,"{""13170009.tif"": [[467, 3], [488, 3]]}"
ཚོ,v001.txt,I1317,W23703,"{""13170009.tif"": [[266, 2], [399, 2], [1047, 5]]}"
ཙོ,v001.txt,I1317,W23703,"{""13170009.tif"": [[1319, 7]]}"
ཚོ,v001.txt,I1317,W23703,"{""13170010.tif"": [[241, 2]]}"
ཙོ,v001.txt,I1317,W23703,"{""13170010.tif"": [[316, 2]]}"
ཀྵ,v001.txt,I1317,W23703,"{""13170010.tif"": [[1516, 7]]}"
༄,v001.txt,I1317,W23703,"{""13170011.tif"": [[0, 1]]}"
ཚི,v001.txt,I1317,W23703,"{""13170011.tif"": [[1528, 7]]}"
ཚེ,v001.txt,I1317,W23703,"{""13170011.tif"": [[788, 4]]}"
ཙོ,v001.txt,I1317,W23703,"{""13170011.tif"": [[351, 2]]}"
ཚི,v001.txt,I1317,W23703,"{""13170012.tif"": [[971, 5]]}"
ཚེ,v001.txt,I1317,W23703,"{""13170012.tif"": [[1348, 6]]}"
ཚོ,v001.txt,I1317,W23703,"{""13170012.tif"": [[244, 2], [302, 2], [632, 3], [738, 4]]}"
ཚི,v001.txt,I1317,W23703,"{""13170013.tif"": [[55, 1], [200, 1], [697, 4]]}"
ཚེ,v001.txt,I1317,W23703,"{""13170017.tif"": [[347, 2], [384, 2], [426, 2]]}"
ཚེ,v001.txt,I1317,W23703,"{""13170018.tif"": [[985, 5], [1328, 6], [1458, 7]]}"
ཚེ,v001.txt,I1317,W23703,"{""13170020.tif"": [[323, 2]]}"
ཙོ,v001.txt,I1317,W23703,"{""13170020.tif"": [[185, 1]]}"
ཽ,v001.txt,I1317,W23703,"{""13170021.tif"": [[223, 2]]}"
ཚེ,v001.txt,I1317,W23703,"{""13170021.tif"": [[211, 1]]}"
བྷ,v001.txt,I1317,W23703,"{""13170021.tif"": [[228, 2]]}"
ཙོ,v001.txt,I1317,W23703,"{""13170023.tif"": [[184, 1]]}"
ཽ,v001.txt,I1317,W23703,"{""13170026.tif"": [[1222, 6], [1631, 7]]}"
གཽ,v001.txt,I1317,W23703,"{""13170026.tif"": [[1221, 6], [1630, 7]]}"
ཽ,v001.txt,I1317,W23703,"{""13170027.tif"": [[58, 1], [217, 2], [567, 3]]}"
གཽ,v001.txt,I1317,W23703,"{""13170027.tif"": [[57, 1], [216, 2], [566, 3]]}"
བྷ,v001.txt,I1317,W23703,"{""13170028.tif"": [[1206, 6], [1400, 7]]}"
ཽ,v001.txt,I1317,W23703,"{""13170030.tif"": [[1156, 5]]}"
གཽ,v001.txt,I1317,W23703,"{""13170030.tif"": [[1155, 5]]}"
བྷ,v001.txt,I1317,W23703,"{""13170033.tif"": [[1061, 5]]}"
བྷ,v001.txt,I1317,W23703,"{""13170034.tif"": [[1331, 6], [1366, 6], [1392, 6], [1516, 7]]}"
བྷ,v001.txt,I1317,W23703,"{""13170035.tif"": [[486, 3]]}"
བཱ,v001.txt,I1317,W23703,"{""13170041.tif"": [[971, 5]]}"
རཱ,v001.txt,I1317,W23703,"{""13170041.tif"": [[974, 5]]}"
སཱ,v001.txt,I1317,W23703,"{""13170041.tif"": [[979, 5]]}"
བཱ,v001.txt,I1317,W23703,"{""13170042.tif"": [[1500, 7]]}"
རཱ,v001.txt,I1317,W23703,"{""13170042.tif"": [[1503, 7]]}"
སཱ,v001.txt,I1317,W23703,"{""13170042.tif"": [[1508, 7]]}"
ཽ,v001.txt,I1317,W23703,"{""13170051.tif"": [[614, 3]]}"
གཽ,v001.txt,I1317,W23703,"{""13170051.tif"": [[613, 3]]}"
ཀྵ,v001.txt,I1317,W23703,"{""13170061.tif"": [[1130, 5]]}"
ཀྵ,v001.txt,I1317,W23703,"{""13170070.tif"": [[1418, 6]]}"
༄,v001.txt,I1317,W23703,"{""13170086.tif"": [[1041, 5]]}"
༄,v001.txt,I1317,W23703,"{""13170088.tif"": [[647, 4]]}"
ཽ,v001.txt,I1317,W23703,"{""13170090.tif"": [[513, 3]]}"
གཽ,v001.txt,I1317,W23703,"{""13170090.tif"": [[512, 3]]}"
༄,v001.txt,I1317,W23703,"{""13170091.tif"": [[501, 3]]}"
ཀྵ,v001.txt,I1317,W23703,"{""13170091.tif"": [[472, 3]]}"
ཀྵ,v001.txt,I1317,W23703,"{""13170097.tif"": [[495, 3]]}"
སཱ,v001.txt,I1317,W23703,"{""13170104.tif"": [[1188, 5]]}"
ཽ,v001.txt,I1317,W23703,"{""13170114.tif"": [[1525, 7]]}"
གཽ,v001.txt,I1317,W23703,"{""13170114.tif"": [[1524, 7]]}"
༄,v001.txt,I1317,W23703,"{""13170123.tif"": [[506, 3]]}"
༄,v001.txt,I1317,W23703,"{""13170124.tif"": [[1213, 6], [1262, 6]]}"
༄,v001.txt,I1317,W23703,"{""13170126.tif"": [[631, 3]]}"
༄,v001.txt,I1317,W23703,"{""13170127.tif"": [[1321, 7]]}"
དྷཱ,v001.txt,I1317,W23703,"{""13170128.tif"": [[1007, 5]]}"
བཻ,v001.txt,I1317,W23703,"{""13170129.tif"": [[465, 3]]}"
ཌཱུ,v001.txt,I1317,W23703,"{""13170129.tif"": [[468, 3]]}"
སཱ,v001.txt,I1317,W23703,"{""13170134.tif"": [[153, 1]]}"
སཱ,v001.txt,I1317,W23703,"{""13170144.tif"": [[805, 4], [834, 4]]}"
བཱ,v001.txt,I1317,W23703,"{""13170147.tif"": [[1094, 5]]}"
རཱ,v001.txt,I1317,W23703,"{""13170147.tif"": [[1097, 5]]}"
སཱ,v001.txt,I1317,W23703,"{""13170147.tif"": [[1102, 5], [1197, 6]]}"
བཱ,v001.txt,I1317,W23703,"{""13170164.tif"": [[910, 4]]}"
དྷཱ,v001.txt,I1317,W23703,"{""13170164.tif"": [[768, 4]]}"
རཱ,v001.txt,I1317,W23703,"{""13170164.tif"": [[913, 4]]}"
སཱ,v001.txt,I1317,W23703,"{""13170164.tif"": [[918, 4]]}"
བཱ,v001.txt,I1317,W23703,"{""13170165.tif"": [[1015, 5]]}"
རཱ,v001.txt,I1317,W23703,"{""13170165.tif"": [[1018, 5]]}"
སཱ,v001.txt,I1317,W23703,"{""13170165.tif"": [[1023, 5]]}"
དྷཱ,v001.txt,I1317,W23703,"{""13170166.tif"": [[1101, 5]]}"
བཱ,v001.txt,I1317,W23703,"{""13170167.tif"": [[256, 2]]}"
རཱ,v001.txt,I1317,W23703,"{""13170167.tif"": [[259, 2]]}"
ཀྵ,v001.txt,I1317,W23703,"{""13170200.tif"": [[473, 3]]}"
བཻ,v001.txt,I1317,W23703,"{""13170202.tif"": [[1129, 6]]}"
ཌཱུ,v001.txt,I1317,W23703,"{""13170202.tif"": [[1132, 6]]}"
ཀྵ,v001.txt,I1317,W23703,"{""13170203.tif"": [[1029, 5], [1107, 6]]}"
རཱ,v001.txt,I1317,W23703,"{""13170204.tif"": [[842, 4], [900, 5]]}"
མཽ,v001.txt,I1317,W23703,"{""13170240.tif"": [[743, 4], [1384, 7], [743, 4], [1384, 7]]}"
གཽ,v001.txt,I1317,W23703,"{""13170243.tif"": [[338, 2]]}"
མཽ,v001.txt,I1317,W23703,"{""13170294.tif"": [[403, 2], [403, 2]]}"
ཀྵ,v001.txt,I1317,W23703,"{""13170297.tif"": [[25, 1]]}"
མཽ,v001.txt,I1317,W23703,"{""13170306.tif"": [[1103, 5], [1103, 5]]}"
བཱ,v001.txt,I1317,W23703,"{""13170329.tif"": [[308, 2]]}"
རཱ,v001.txt,I1317,W23703,"{""13170329.tif"": [[311, 2]]}"
གྷ,v001.txt,I1317,W23703,"{""13170357.tif"": [[213, 2], [218, 2], [221, 2], [226, 2]]}"
རཱ,v001.txt,I1317,W23703,"{""13170359.tif"": [[212, 2]]}"
ཀྵ,v001.txt,I1317,W23703,"{""13170408.tif"": [[66, 1]]}"
བཻ,v001.txt,I1317,W23703,"{""13170461.tif"": [[558, 3]]}"
ཌཱུ,v001.txt,I1317,W23703,"{""13170461.tif"": [[561, 3]]}"
བཱ,v001.txt,I1317,W23703,"{""13170463.tif"": [[421, 3]]}"
བཻ,v001.txt,I1317,W23703,"{""13170476.tif"": [[403, 2]]}"
ཌཱུ,v001.txt,I1317,W23703,"{""13170476.tif"": [[406, 2]]}"
བཻ,v001.txt,I1317,W23703,"{""13170478.tif"": [[788, 4], [1013, 5], [1147, 6], [1293, 6], [1436, 7], [1583, 7]]}"
ཌཱུ,v001.txt,I1317,W23703,"{""13170478.tif"": [[791, 4], [1016, 5], [1150, 6], [1296, 6], [1439, 7], [1586, 7]]}"
བཱ,v001.txt,I1317,W23703,"{""13170512.tif"": [[1333, 6], [1648, 6]]}"
དྷཱ,v001.txt,I1317,W23703,"{""13170512.tif"": [[556, 3]]}"
དྷཱ,v001.txt,I1317,W23703,"{""13170513.tif"": [[720, 3]]}"
གྷ,v001.txt,I1317,W23703,"{""13170513.tif"": [[677, 3], [701, 3], [713, 3]]}"
ཛྷ,v001.txt,I1317,W23703,"{""13170513.tif"": [[16, 1]]}"
དྷཱ,v001.txt,I1317,W23703,"{""13170515.tif"": [[1169, 5]]}"
གྷ,v001.txt,I1317,W23703,"{""13170515.tif"": [[1462, 5]]}"
དྷཱ,v001.txt,I1317,W23703,"{""13170516.tif"": [[7, 1]]}"
གྷ,v001.txt,I1317,W23703,"{""13170516.tif"": [[36, 1]]}"
དྷཱ,v002.txt,I1318,W23703,"{""13180010.tif"": [[1549, 7]]}"
དྷཱ,v002.txt,I1318,W23703,"{""13180025.tif"": [[759, 4], [1499, 7]]}"
གྷ,v002.txt,I1318,W23703,"{""13180025.tif"": [[143, 1]]}"
ཛྷ,v002.txt,I1318,W23703,"{""13180025.tif"": [[400, 2]]}"
ཛྷ,v002.txt,I1318,W23703,"{""13180026.tif"": [[1037, 5], [1098, 5]]}"
ཛྷ,v002.txt,I1318,W23703,"{""13180047.tif"": [[1427, 7], [1430, 7]]}"
ཛྷ,v002.txt,I1318,W23703,"{""13180054.tif"": [[1268, 6]]}"
ཛྷ,v002.txt,I1318,W23703,"{""13180057.tif"": [[1083, 5]]}"
རྃ,v003.txt,I1319,W23703,"{""13190061.tif"": [[1102, 5]]}"
དྷ,v005.txt,I1321,W23703,"{""13210271.tif"": [[1113, 5]]}"
ཛྷ,v005.txt,I1321,W23703,"{""13210422.tif"": [[1487, 7]]}"
དྷ,v005.txt,I1321,W23703,"{""13210423.tif"": [[1582, 7]]}"
དྷ,v005.txt,I1321,W23703,"{""13210424.tif"": [[146, 1]]}"
ཌྷ,v005.txt,I1321,W23703,"{""13210606.tif"": [[449, 2]]}"
ཛྷ,v005.txt,I1321,W23703,"{""13210640.tif"": [[1178, 6]]}"
དྷ,v006.txt,I1322,W23703,"{""13220025.tif"": [[289, 2]]}"
མཽ,v006.txt,I1322,W23703,"{""13220513.tif"": [[681, 4], [681, 4]]}"
དྷ,v007.txt,I1323,W23703,"{""13230032.tif"": [[1113, 5]]}"
རྃ,v007.txt,I1323,W23703,"{""13230206.tif"": [[406, 2]]}"
རྃ,v007.txt,I1323,W23703,"{""13230261.tif"": [[1389, 7]]}"
རྃ,v007.txt,I1323,W23703,"{""13230265.tif"": [[1513, 7]]}"
དྷ,v007.txt,I1323,W23703,"{""13230280.tif"": [[798, 4]]}"
༔,v007.txt,I1323,W23703,"{""13230490.tif"": [[1719, 7]]}"
༔,v007.txt,I1323,W23703,"{""13230492.tif"": [[374, 2]]}"
༔,v007.txt,I1323,W23703,"{""13230493.tif"": [[194, 1], [391, 2], [626, 3], [778, 4], [925, 4], [1105, 5], [1285, 6], [1588, 7]]}"
དྷ,v007.txt,I1323,W23703,"{""13230503.tif"": [[221, 1]]}"
དྷ,v007.txt,I1323,W23703,"{""13230524.tif"": [[1247, 6]]}"
དྷ,v007.txt,I1323,W23703,"{""13230573.tif"": [[1384, 6]]}"
དྷ,v008.txt,I1324,W23703,"{""13240297.tif"": [[382, 2]]}"
ཌྷ,v008.txt,I1324,W23703,"{""13240622.tif"": [[871, 4]]}"
རྃ,v009.txt,I1325,W23703,"{""13250004.tif"": [[750, 5]]}"
རྃ,v009.txt,I1325,W23703,"{""13250006.tif"": [[1235, 6]]}"
རྃ,v009.txt,I1325,W23703,"{""13250007.tif"": [[52, 1]]}"
རྃ,v009.txt,I1325,W23703,"{""13250045.tif"": [[191, 1]]}"
རྃ,v009.txt,I1325,W23703,"{""13250077.tif"": [[1514, 7]]}"
རྃ,v009.txt,I1325,W23703,"{""13250145.tif"": [[210, 2]]}"
༡,v011.txt,I1327,W23703,"{""13270004.tif"": [[532, 4]]}"
༢,v011.txt,I1327,W23703,"{""13270005.tif"": [[78, 1]]}"
༣,v011.txt,I1327,W23703,"{""13270005.tif"": [[400, 3]]}"
༤,v011.txt,I1327,W23703,"{""13270005.tif"": [[729, 5]]}"
༥,v011.txt,I1327,W23703,"{""13270006.tif"": [[174, 1]]}"
༦,v011.txt,I1327,W23703,"{""13270006.tif"": [[480, 3]]}"
༧,v011.txt,I1327,W23703,"{""13270006.tif"": [[797, 4]]}"
༨,v011.txt,I1327,W23703,"{""13270006.tif"": [[1124, 5]]}"
༩,v011.txt,I1327,W23703,"{""13270006.tif"": [[1442, 7]]}"
༡,v011.txt,I1327,W23703,"{""13270007.tif"": [[197, 1], [537, 3], [538, 3], [855, 4], [1186, 6], [1503, 7]]}"
༢,v011.txt,I1327,W23703,"{""13270007.tif"": [[856, 4]]}"
༣,v011.txt,I1327,W23703,"{""13270007.tif"": [[1187, 6]]}"
༤,v011.txt,I1327,W23703,"{""13270007.tif"": [[1504, 7]]}"
༠,v011.txt,I1327,W23703,"{""13270007.tif"": [[198, 1]]}"
༡,v011.txt,I1327,W23703,"{""13270008.tif"": [[248, 2], [542, 3], [870, 4]]}"
༥,v011.txt,I1327,W23703,"{""13270008.tif"": [[249, 2]]}"
༦,v011.txt,I1327,W23703,"{""13270008.tif"": [[543, 3]]}"
༧,v011.txt,I1327,W23703,"{""13270008.tif"": [[871, 4]]}"
༨,v011.txt,I1327,W23703,"{""13270008.tif"": [[1184, 5]]}"
༩,v011.txt,I1327,W23703,"{""13270008.tif"": [[1506, 7]]}"
༢,v011.txt,I1327,W23703,"{""13270009.tif"": [[153, 1], [505, 3], [844, 4], [845, 4], [1173, 5], [1496, 7]]}"
༣,v011.txt,I1327,W23703,"{""13270009.tif"": [[1174, 5]]}"
༤,v011.txt,I1327,W23703,"{""13270009.tif"": [[1497, 7]]}"
༠,v011.txt,I1327,W23703,"{""13270009.tif"": [[154, 1]]}"
༢,v011.txt,I1327,W23703,"{""13270010.tif"": [[156, 1], [474, 2]]}"
༥,v011.txt,I1327,W23703,"{""13270010.tif"": [[157, 1]]}"
༦,v011.txt,I1327,W23703,"{""13270010.tif"": [[475, 2]]}"
༧,v011.txt,I1327,W23703,"{""13270010.tif"": [[798, 4]]}"
༨,v011.txt,I1327,W23703,"{""13270010.tif"": [[1118, 5]]}"
༩,v011.txt,I1327,W23703,"{""13270010.tif"": [[1451, 7]]}"
༣,v011.txt,I1327,W23703,"{""13270011.tif"": [[111, 1], [424, 2], [732, 4], [1058, 5], [1059, 5], [1378, 6]]}"
༤,v011.txt,I1327,W23703,"{""13270011.tif"": [[1379, 6]]}"
༠,v011.txt,I1327,W23703,"{""13270011.tif"": [[112, 1]]}"
༣,v011.txt,I1327,W23703,"{""13270012.tif"": [[61, 1]]}"
༥,v011.txt,I1327,W23703,"{""13270012.tif"": [[62, 1]]}"
༦,v011.txt,I1327,W23703,"{""13270012.tif"": [[378, 2]]}"
༧,v011.txt,I1327,W23703,"{""13270012.tif"": [[696, 3]]}"
༨,v011.txt,I1327,W23703,"{""13270012.tif"": [[1017, 5]]}"
༩,v011.txt,I1327,W23703,"{""13270012.tif"": [[1340, 6]]}"
༤,v011.txt,I1327,W23703,"{""13270013.tif"": [[28, 1], [345, 2], [675, 3], [998, 5], [1315, 6], [1316, 6]]}"
༥,v011.txt,I1327,W23703,"{""13270013.tif"": [[1640, 7]]}"
༠,v011.txt,I1327,W23703,"{""13270013.tif"": [[29, 1]]}"
༥,v011.txt,I1327,W23703,"{""13270014.tif"": [[1561, 7]]}"
༦,v011.txt,I1327,W23703,"{""13270014.tif"": [[280, 2]]}"
༧,v011.txt,I1327,W23703,"{""13270014.tif"": [[594, 3]]}"
༨,v011.txt,I1327,W23703,"{""13270014.tif"": [[918, 5]]}"
༩,v011.txt,I1327,W23703,"{""13270014.tif"": [[1246, 6]]}"
༠,v011.txt,I1327,W23703,"{""13270014.tif"": [[1562, 7]]}"
༥,v011.txt,I1327,W23703,"{""13270015.tif"": [[259, 2], [580, 3], [904, 5], [1224, 6]]}"
༦,v011.txt,I1327,W23703,"{""13270016.tif"": [[219, 1], [1499, 7]]}"
༧,v011.txt,I1327,W23703,"{""13270016.tif"": [[534, 3]]}"
༨,v011.txt,I1327,W23703,"{""13270016.tif"": [[864, 4]]}"
༩,v011.txt,I1327,W23703,"{""13270016.tif"": [[1187, 5]]}"
༠,v011.txt,I1327,W23703,"{""13270016.tif"": [[1500, 7]]}"
༦,v011.txt,I1327,W23703,"{""13270017.tif"": [[146, 1], [459, 3], [788, 4]]}"
༧,v011.txt,I1327,W23703,"{""13270018.tif"": [[517, 3], [1455, 7]]}"
༨,v011.txt,I1327,W23703,"{""13270018.tif"": [[833, 4]]}"
༩,v011.txt,I1327,W23703,"{""13270018.tif"": [[1143, 6]]}"
༠,v011.txt,I1327,W23703,"{""13270018.tif"": [[1456, 7]]}"
༧,v011.txt,I1327,W23703,"{""13270019.tif"": [[269, 2], [592, 3]]}"
༨,v011.txt,I1327,W23703,"{""13270020.tif"": [[1018, 5]]}"
༩,v011.txt,I1327,W23703,"{""13270020.tif"": [[1341, 6]]}"
༨,v011.txt,I1327,W23703,"{""13270021.tif"": [[90, 1], [423, 2]]}"
༠,v011.txt,I1327,W23703,"{""13270021.tif"": [[91, 1]]}"
༩,v011.txt,I1327,W23703,"{""13270022.tif"": [[1459, 7]]}"
༩,v011.txt,I1327,W23703,"{""13270023.tif"": [[232, 2]]}"
༠,v011.txt,I1327,W23703,"{""13270023.tif"": [[233, 2]]}"
༠,v011.txt,I1327,W23703,"{""13270025.tif"": [[400, 2]]}"
ཌྷ,v011.txt,I1327,W23703,"{""13270325.tif"": [[159, 1], [167, 1], [1445, 5], [1450, 5], [1457, 5], [1463, 5], [1469, 5], [1475, 5]]}"
